<?xml version="1.0" encoding="UTF-8"?>
<!DOCTYPE log4j:configuration SYSTEM "log4j.dtd">

<log4j:configuration xmlns:log4j="http://jakarta.apache.org/log4j/">

	<appender name="ozone-stdout" class="org.apache.log4j.ConsoleAppender">
		<layout class="org.apache.log4j.PatternLayout">
			<param name="ConversionPattern" value="%d %-5p [%c] %m%n" />
		</layout>
	</appender>


	<appender name="ozone-audit-log" class="org.apache.log4j.CompositeRollingAppender">
    	<param name="RollingStyle" value="3" />
    	<param name="StaticLogFileName" value="false" />
    	<param name="File" value="logs/audit.log" />
    	<param name="CountDirection" value="1" />
    	<param name="MaxFileSize" value="100MB" />
    	<param name="MaxSizeRollBackups" value="-1" />
    	<param name="DatePattern" value="'.'yyyy-MM-dd" />
    	<param name="Encoding" value="UTF-8" />
    	<layout class="org.apache.log4j.PatternLayout">
        <param name="ConversionPattern" value="%d{dd MMM yyyy HH:mm:ss,SSS z} %m%n" />
    	</layout>
  	</appender>
  
    <appender name="ozone-async-audit" class="org.apache.log4j.AsyncAppender">
      <appender-ref ref="ozone-audit-log" />
    </appender>

  	<!-- For security logging, set this log level to "info". -->
  	<logger name="ozone.securitysample.authentication.audit.SecurityAuditLogger" additivity="false">
    	<level value="info" />
    	<appender-ref ref="ozone-async-audit" />
	</logger>
    <!-- All other logs from Ozone secuity can be sent to the regular log
		unless you are worried that the regular logs have too lax of read permissions. -->
    <logger name="ozone.securitysample" additivity="false">
      <level value="error" />
      <appender-ref ref="ozone-stdout" />
    </logger>
	


	<root>
		<level value="info" />
		<appender-ref ref="ozone-stdout" />
	</root>

</log4j:configuration>